mean_sd,mean_ddg,variant
0.102485,3.90919,K241E
0.275751,-0.421233,E288V
0.219057,3.1198,N289I
0.140451,2.41321,"K241E,E288V"
0.145043,5.99032,"K241E,N289I"
0.417153,2.90385,"E288V,N289I"
0.270002,4.28147,"K241E,E288V,N289I"
