mean_sd,mean_ddg,variant
0.0202336,-1.35246,E241K
1.09985,3.95123,V288E
0.0220921,1.46922,I289N
0.822274,2.3321,"E241K,V288E"
0.246968,-1.60778,"E241K,I289N"
0.146929,3.96165,"V288E,I289N"
0.149111,1.48978,"E241K,V288E,I289N"
