Exact Amino acid,Abundance score
V331I,0.599924823
E92D,0.713318402
A173V,0.643519769
A161P,0.475593771
R150H,0.69271491
I19L,0.623042396
W120R,0.47978285
R410C,0.676655086
R144H,0.621114695
E122A,0.753787879
D262N,0.614038591
R150C,0.62953438
P227L,0.624712679
R329C,0.554502254
R132W,0.635242943
E81K,0.667726879
R125H,0.615675954
V113I,0.683885811
K432I,0.609742945
R73C,0.623329263
D360N,0.693150526
R132Q,0.718026114
T55S,0.718673467
R186P,0.560050139
R335Q,0.601312932
R186H,0.635198497
N277K,0.681062109
A350T,0.536022841
F376Y,0.711485306
L9V,0.731784659
S336I,0.637387252
P346S,0.580346079
R186C,0.564313994
T130M,0.684802678
N176S,0.671875
I359V,0.603645833
E147G,0.643455877
R261W,0.501301905
Q279P,0.570907901
N334I,0.648759438
M74T,0.58131891
R442C,0.62128858
D341H,0.656054948
L29F,0.692408379
Q279H,0.678912244
R335W,0.497372294
M345K,0.497916398
R124Q,0.602183853
A309T,0.636880409
R73H,0.476206097
Y358H,0.648167478
R124W,0.505962416
S242R,0.702093879
F267L,0.537597325
L391V,0.569318436
P402L,0.642305732
M406V,0.699731714
E354K,0.475659325
T299R,0.531790263
L102P,0.574479079
T302I,0.602678118
V374I,0.627074235
A321S,0.639949178
L310F,0.679301841
S303G,0.717662336
C216W,0.656662248
D224V,0.53699972
H251Q,0.563668153
I257F,0.681306328
P211T,0.659306032
T210N,0.684317643
G439V,0.665474123
N457K,0.682756843
V472I,0.670673077
W20C,0.672724033
D188N,0.677997182
K28E,0.680943598
G62A,0.508683191
V64M,0.650769501
T283I,0.65615054
P346L,0.502953907
D360E,0.549265027
D360H,0.567361111
R125C,0.669159602
I284V,0.685908298
R144C,0.688887841
E241K,0.619158302
D243G,0.696277128
A430P,0.545128622
M271I,0.663920987
L57V,0.634196461
P489S,0.577527563
L458R,0.51802352
T450N,0.597025262
P480L,0.626171339
R442H,0.646762738
Q22R,0.656465743
D466E,0.661470643
M198T,0.667063402
E444Q,0.694466074
E405Q,0.711027827
A173D,0.499614976
I359N,0.522206232
T66S,0.626403544
V288I,0.673350956
C179W,0.694502569
I289V,0.714496776
A149T,0.521050873
T302R,0.521776385
G111R,0.541454278
D341N,0.571470548
G137R,0.571889977
C338F,0.609881164
R73S,0.651405999
G137E,0.653990969
G109A,0.658559311
N116S,0.666187952
G91R,0.668239425
N334K,0.687674269
T371S,0.715706169
Q193R,0.658206476